Feedback,Rating
"The product quality is amazing and I am very satisfied.",5
"Very disappointed with the service, it took too long.",1
"Average experience, not too bad but not great either.",3
"Loved the features and performance of the item.",4
"The packaging was terrible, items were damaged.",2
"Excellent value for money. Would buy again!",5
"Customer support was not helpful at all.",1
"Good quality but delivery was slightly delayed.",3
"Product met my expectations, decent overall.",4
"Terrible quality, would not recommend.",1
"Absolutely fantastic! Highly recommend.",5
"Okay product, could be better.",3
"The item works as described, happy with the purchase.",4
"Delivery was fast, but the product feels cheap.",2
"Iâ€™m thrilled with my purchase, exceeded expectations!",5
