id,name,username,email,city
1,Leanne Graham,Bret,Sincere@april.biz,Gwenborough
2,Ervin Howell,Antonette,Shanna@melissa.tv,Wisokyburgh
3,Clementine Bauch,Samantha,Nathan@yesenia.net,McKenziehaven
4,Patricia Lebsack,Karianne,Julianne.OConner@kory.org,South Elvis
5,Chelsey Dietrich,Kamren,Lucio_Hettinger@annie.ca,Roscoeview
6,Mrs. Dennis Schulist,Leopoldo_Corkery,Karley_Dach@jasper.info,South Christy
7,Kurtis Weissnat,Elwyn.Skiles,Telly.Hoeger@billy.biz,Howemouth
8,Nicholas Runolfsdottir V,Maxime_Nienow,Sherwood@rosamond.me,Aliyaview
9,Glenna Reichert,Delphine,Chaim_McDermott@dana.io,Bartholomebury
10,Clementina DuBuque,Moriah.Stanton,Rey.Padberg@karina.biz,Lebsackbury
